run_uid,dataset_hash,llm_summary,performance_score,is_pareto_optimal,val0_epoch/forces_rmse_metrics,val0_epoch/stress_rmse_metrics,r_max,num_layers,l_max,poly_p,num_bessels,mlp_depth,mlp_width,seed,avg_num_neighbors,loss_coeff/forces_tail_huber_metrics,loss_coeff/per_atom_energy_mse_metrics,loss_coeff/stress_mse_metrics,loss_coeff/forces_auto_stratified_huber_metrics,loss_coeff/forces_focal_focal_mse_metrics,loss_coeff/forces_angle_forces_angle_metrics,loss_coeff/stress_shear_stress_shear_mae_metrics,loss_coeff/forces_angle_force_angle_metrics,loss_coeff/stress_angle_stress_angle_metrics,loss_coeff/force_strat_E_huber_metrics,loss_coeff/peratom_E_Huber_metrics,loss_coeff/stress_E_Huber_metrics,loss_coeff/forces_stratified_huber_metrics,loss_coeff/forces_huber_metrics,loss_coeff/stress_huber_metrics,loss_coeff/forces_mse_metrics,loss_coeff/per_atom_energy_huber_metrics,loss_coeff/force_strat_E_huber_summary,loss_coeff/forces_angle_force_angle_summary,loss_coeff/forces_auto_stratified_huber_summary,loss_coeff/stress_angle_stress_angle_summary,loss_coeff/stress_mse_summary,loss_coeff/forces_stratified_huber_summary,loss_coeff/per_atom_energy_huber_summary,loss_coeff/forces_huber_summary,loss_coeff/peratom_E_Huber_summary,loss_coeff/stress_huber_summary,loss_coeff/per_atom_energy_mse_summary,loss_coeff/stress_E_Huber_summary,loss_coeff/stress_shear_stress_shear_mae_summary,loss_coeff/forces_focal_focal_mse_summary,loss_coeff/forces_angle_forces_angle_summary,loss_coeff/forces_tail_huber_summary,loss_coeff/forces_mse_summary,loss_functions,loss_coeff_energy,loss_coeff_forces,loss_coeff_stress,loss_has_huber,loss_has_mse,loss_has_mae,loss_has_stratified,loss_has_focal,model_dtype_float32,model_dtype_nan,scalar_embed_mlp_nonlinearity_silu,scalar_embed_mlp_nonlinearity_nan
Allegro_MPTraj_Finetune/first_finetune_test,0e9c7bd3,"Achieved force RMSE of 0.2168 and stress RMSE of 0.0034. Trained with r_max=nan, nan layers, and polynomial degree p=nan. Used a Huber loss.",0.9983635558133861,0,0.2167837000251644,0.0034010851102733,,,,,,,,,,,,,,,,,,,0.1639344262295081,0.0163934426229508,0.819672131147541,,,,,,0.1639344262295081,,,,,,,,0.0163934426229508,,,0.819672131147541,,,,,,peratom_E_Huber(coeff=1)|force_strat_E_huber(coeff=10)|stress_E_Huber(coeff=50),,,50.0,1,0,0,0,0,False,True,False,True
Allegro_MPTraj_Finetune/fixed_loss_finetune_test,0e9c7bd3,"Achieved force RMSE of 0.2145 and stress RMSE of 0.0028. Trained with r_max=nan, nan layers, and polynomial degree p=nan. Used a Huber/MSE/stratified loss.",0.9989405654352416,0,0.2145462570938111,0.0028424040497868,,,,,,,,,,,0.009009009009009,0.9009009009009008,,,,,,,,,,0.09009009009009,,,,,,,,,0.9009009009009008,0.09009009009009,,,,,0.009009009009009,,,,,,,per_atom_energy_mse(coeff=1)|forces_stratified_huber(coeff=10)|stress_mse(coeff=100),1.0,10.0,100.0,1,1,0,1,0,False,True,False,True
Allegro_MPTraj_Finetune/fixed_loss_finetune_test_default_lrsched,0e9c7bd3,"Achieved force RMSE of 0.1966 and stress RMSE of 0.0024. Trained with r_max=nan, nan layers, and polynomial degree p=nan. Used a Huber/MSE/stratified loss.",0.9995501072271415,0,0.1966486928242909,0.0023571741115364,,,,,,,,,,,0.009009009009009,0.9009009009009008,,,,,,,,,,0.09009009009009,,,,,,,,,0.9009009009009008,0.09009009009009,,,,,0.009009009009009,,,,,,,per_atom_energy_mse(coeff=1)|forces_stratified_huber(coeff=10)|stress_mse(coeff=100),1.0,10.0,100.0,1,1,0,1,0,False,True,False,True
Allegro_MPTraj_Finetune/fixed_loss_noscales_shift_finetune_test_b1_modify_compile,0e9c7bd3,"Achieved force RMSE of 0.1853 and stress RMSE of 0.0020. This is a Pareto-optimal model. Trained with r_max=nan, nan layers, and polynomial degree p=nan. Used a Huber/MSE/stratified loss.",0.9999795564115089,1,0.1853150941143406,0.0020066870918566,,,,,,,,,,,0.009009009009009,0.9009009009009008,,,,,,,,,,0.09009009009009,,,,,,,,,0.9009009009009008,0.09009009009009,,,,,0.009009009009009,,,,,,,per_atom_energy_mse(coeff=1)|forces_stratified_huber(coeff=10)|stress_mse(coeff=100),1.0,10.0,100.0,1,1,0,1,0,False,True,False,True
Allegro_MPTraj_Finetune/fixed_loss_scalesshift_finetune_test,0e9c7bd3,"Achieved force RMSE of 0.2104 and stress RMSE of 0.0027. Trained with r_max=nan, nan layers, and polynomial degree p=nan. Used a Huber/MSE/stratified loss.",0.9990929531910108,0,0.2104371663945998,0.0027186262446556,,,,,,,,,,,0.009009009009009,0.9009009009009008,,,,,,,,,,0.09009009009009,,,,,,,,,0.9009009009009008,0.09009009009009,,,,,0.009009009009009,,,,,,,per_atom_energy_mse(coeff=1)|forces_stratified_huber(coeff=10)|stress_mse(coeff=100),1.0,10.0,100.0,1,1,0,1,0,False,True,False,True
Allegro_MPTraj_Finetune/fixed_loss_scalesshift_finetune_test_b1,0e9c7bd3,"Achieved force RMSE of 0.1823 and stress RMSE of 0.0021. This is a Pareto-optimal model. Trained with r_max=nan, nan layers, and polynomial degree p=nan. Used a Huber/MSE/stratified loss.",0.9999536029855152,1,0.1823060176357527,0.0020528258270821,,,,,,,,,,,0.009009009009009,0.9009009009009008,,,,,,,,,,0.09009009009009,,,,,,,,,0.9009009009009008,0.09009009009009,,,,,0.009009009009009,,,,,,,per_atom_energy_mse(coeff=1)|forces_stratified_huber(coeff=10)|stress_mse(coeff=100),1.0,10.0,100.0,1,1,0,1,0,False,True,False,True
Allegro_MPTraj_Finetune/fixed_loss_scalesshift_finetune_test_b1_modify_compile,0e9c7bd3,"Achieved force RMSE of 73.7769 and stress RMSE of 0.4992. Trained with r_max=nan, nan layers, and polynomial degree p=nan. Used a Huber/MSE/stratified loss.",5.551115123125783e-17,0,73.77693153798892,0.499223326328789,,,,,,,,,,,0.009009009009009,0.9009009009009008,,,,,,,,,,0.09009009009009,,,,,,,,,0.9009009009009008,0.09009009009009,,,,,0.009009009009009,,,,,,,per_atom_energy_mse(coeff=1)|forces_stratified_huber(coeff=10)|stress_mse(coeff=100),1.0,10.0,100.0,1,1,0,1,0,False,True,False,True
Allegro_MPTraj_Finetune/from_scratch_loss_scalesshift_b1,0e9c7bd3,"Achieved force RMSE of 0.1858 and stress RMSE of 0.0021. Trained with r_max=nan, nan layers, and polynomial degree p=nan. Used a Huber/MSE/stratified loss.",0.9999189622928355,0,0.1857904427890153,0.0020637323709944,,,,,,,,,,,0.009009009009009,0.9009009009009008,,,,,,,,,,0.09009009009009,,,,,,,,,0.9009009009009008,0.09009009009009,,,,,0.009009009009009,,,,,,,per_atom_energy_mse(coeff=1)|forces_stratified_huber(coeff=10)|stress_mse(coeff=100),1.0,10.0,100.0,1,1,0,1,0,False,True,False,True
allegro-stress-rmax-test/allegro_gen_8_2025-06-20_no_dimers,0e9f5f24,"Achieved force RMSE of 0.3275 and stress RMSE of 0.0141. Trained with r_max=5.0, 2.0 layers, and polynomial degree p=6.0. Used a MSE loss.",0.9868645683845536,0,0.3275383003424773,0.0140877857187539,5.0,2.0,2.0,6.0,8.0,2.0,512.0,42.0,32.05165459701234,,0.0277777777777777,0.6944444444444444,,,,,,,,,,,,,0.2777777777777778,,,,,,0.6944444444444444,,,,,,0.0277777777777777,,,,,,0.2777777777777778,per_atom_energy_mse(coeff=1)|forces_mse(coeff=10)|stress_mse(coeff=25),1.0,10.0,25.0,0,1,0,0,0,True,False,True,False
allegro-stress-rmax-test/job_gen_7_2025-06-11_r5,0e9c7bd3,"Achieved force RMSE of 0.3542 and stress RMSE of 0.0088. Trained with r_max=5.0, 1.0 layers, and polynomial degree p=6.0. Used a Huber/MSE/stratified loss.",0.9919654986368833,0,0.35419904827008,0.0088351268002401,5.0,1.0,2.0,6.0,8.0,2.0,256.0,0.0,32.04513466643201,,,,,,,,,,,,,,,,,,,,,,,,,,,,,,,,,,,per_atom_energy_mse(coeff=1)|forces_stratified_huber(coeff=1)|stress_mse(coeff=1),1.0,1.0,1.0,1,1,0,1,0,True,False,True,False
allegro-stress-rmax-test/job_gen_7_2025-06-11_r5_b16,0e9c7bd3,"Achieved force RMSE of 0.3889 and stress RMSE of 0.0106. Trained with r_max=5.0, 1.0 layers, and polynomial degree p=6.0. Used a Huber/MSE/stratified loss.",0.9899972721619621,0,0.388855635052943,0.0105582514616862,5.0,1.0,2.0,6.0,8.0,2.0,256.0,0.0,32.045134666432126,,,,,,,,,,,,,,,,,,,,,,,,,,,,,,,,,,,per_atom_energy_mse(coeff=1)|forces_stratified_huber(coeff=1)|stress_mse(coeff=1),1.0,1.0,1.0,1,1,0,1,0,True,False,True,False
allegro-stress-rmax-test/job_gen_7_2025-06-11_r5_stress100,0e9c7bd3,"Achieved force RMSE of 0.2016 and stress RMSE of 0.0026. Trained with r_max=5.0, 2.0 layers, and polynomial degree p=6.0. Used a Huber/MSE/stratified loss.",0.9992655545967756,0,0.2016020998966399,0.0026066767345908,5.0,2.0,2.0,6.0,8.0,2.0,512.0,0.0,32.04513466643201,,,,,,,,,,,,,,,,,,,,,,,,,,,,,,,,,,,per_atom_energy_mse(coeff=1)|forces_stratified_huber(coeff=10)|stress_mse(coeff=100),1.0,10.0,100.0,1,1,0,1,0,True,False,True,False
allegro-stress-rmax-test/job_gen_7_2025-06-11_r5_stress100_b16,0e9c7bd3,"Achieved force RMSE of 0.3675 and stress RMSE of 0.0062. Trained with r_max=5.0, 1.0 layers, and polynomial degree p=6.0. Used a Huber/MSE/stratified loss.",0.9945156676264189,0,0.3674957968155697,0.0062093190076139,5.0,1.0,2.0,6.0,8.0,2.0,256.0,0.0,32.045134666432126,,,,,,,,,,,,,,,,,,,,,,,,,,,,,,,,,,,per_atom_energy_mse(coeff=1)|forces_stratified_huber(coeff=10)|stress_mse(coeff=100),1.0,10.0,100.0,1,1,0,1,0,True,False,True,False
allegro-stress-rmax-test/job_gen_7_2025-06-11_r5_stress100_lrsched_fixed,0e9c7bd3,"Achieved force RMSE of 0.2823 and stress RMSE of 0.0041. Trained with r_max=5.0, 2.0 layers, and polynomial degree p=6.0. Used a Huber/MSE/stratified loss.",0.9971721095056701,0,0.2822982257552813,0.0041432727291803,5.0,2.0,2.0,6.0,8.0,2.0,512.0,0.0,32.04513466643201,,,,,,,,,,,,,,,,,,,,,,,,,,,,,,,,,,,per_atom_energy_mse(coeff=1)|forces_stratified_huber(coeff=10)|stress_mse(coeff=100),1.0,10.0,100.0,1,1,0,1,0,True,False,True,False
allegro-stress-rmax-test/job_gen_7_2025-06-11_r6,0e9c7bd3,"Achieved force RMSE of 0.3443 and stress RMSE of 0.0080. Trained with r_max=6.0, 1.0 layers, and polynomial degree p=6.0. Used a Huber/MSE/stratified loss.",0.9929067236233862,0,0.3442841800199214,0.0079661277300266,6.0,1.0,2.0,6.0,8.0,2.0,256.0,0.0,58.23823517470566,,,,,,,,,,,,,,,,,,,,,,,,,,,,,,,,,,,per_atom_energy_mse(coeff=1)|forces_stratified_huber(coeff=1)|stress_mse(coeff=1),1.0,1.0,1.0,1,1,0,1,0,True,False,True,False
allegro-stress-rmax-test/job_gen_7_2025-06-11_r6_configloss,0e9c7bd3,"Achieved force RMSE of 0.3229 and stress RMSE of 0.0037. Trained with r_max=6.0, 1.0 layers, and polynomial degree p=6.0. Used a Huber/MSE/stratified loss.",0.9973345147005939,0,0.322935763185556,0.0037072181290503,6.0,1.0,2.0,6.0,8.0,2.0,256.0,0.0,58.23823517470566,,,,,,,,,,,,,,,,,,,,,,,,,,,,,,,,,,,per_atom_energy_mse(coeff=1)|forces_stratified_huber(coeff=1)|stress_mse(coeff=1),1.0,1.0,1.0,1,1,0,1,0,True,False,True,False
allegro-stress-rmax-test/job_gen_7_2025-06-11_r6_stress100,0e9c7bd3,"Achieved force RMSE of 0.2007 and stress RMSE of 0.0025. Trained with r_max=6.0, 2.0 layers, and polynomial degree p=6.0. Used a Huber/MSE/stratified loss.",0.9993767182557349,0,0.2006872946885196,0.0025023124578253,6.0,2.0,2.0,6.0,8.0,2.0,512.0,0.0,58.23823517470566,,,,,,,,,,,,,,,,,,,,,,,,,,,,,,,,,,,per_atom_energy_mse(coeff=1)|forces_stratified_huber(coeff=10)|stress_mse(coeff=100),1.0,10.0,100.0,1,1,0,1,0,True,False,True,False
allegro-stress-rmax-test/job_gen_7_2025-06-11_r6_stress100_b16,0e9c7bd3,"Achieved force RMSE of 0.3526 and stress RMSE of 0.0046. Trained with r_max=6.0, 1.0 layers, and polynomial degree p=6.0. Used a Huber/MSE/stratified loss.",0.9961895634442155,0,0.3525916674881182,0.00464543589784,6.0,1.0,2.0,6.0,8.0,2.0,256.0,0.0,58.23823517470576,,,,,,,,,,,,,,,,,,,,,,,,,,,,,,,,,,,per_atom_energy_mse(coeff=1)|forces_stratified_huber(coeff=10)|stress_mse(coeff=100),1.0,10.0,100.0,1,1,0,1,0,True,False,True,False
allegro-stress-rmax-test/job_gen_7_2025-06-11_r6_stress100_b1_lrsched_fixed,0e9c7bd3,"Achieved force RMSE of 0.2188 and stress RMSE of 0.0028. Trained with r_max=6.0, 2.0 layers, and polynomial degree p=6.0. Used a Huber/MSE/stratified loss.",0.9989640493299703,0,0.2188066225625979,0.002790267197251,6.0,2.0,2.0,6.0,8.0,2.0,512.0,0.0,58.23823517470599,,,,,,,,,,,,,,,,,,,,,,,,,,,,,,,,,,,per_atom_energy_mse(coeff=1)|forces_stratified_huber(coeff=10)|stress_mse(coeff=100),1.0,10.0,100.0,1,1,0,1,0,True,False,True,False
allegro-stress-rmax-test/job_gen_7_2025-06-11_r6_stress100_configloss,0e9c7bd3,"Achieved force RMSE of 0.4328 and stress RMSE of 0.0029. Trained with r_max=6.0, 1.0 layers, and polynomial degree p=6.0. Used a Huber/MSE/stratified loss.",0.9974137822118159,0,0.4327513334453837,0.0028864609503651,6.0,1.0,2.0,6.0,8.0,2.0,256.0,0.0,58.23823517470566,,,,,,,,,,,,,,,,,,,,,,,,,,,,,,,,,,,per_atom_energy_mse(coeff=1)|forces_stratified_huber(coeff=10)|stress_mse(coeff=100),1.0,10.0,100.0,1,1,0,1,0,True,False,True,False
allegro-stress-rmax-test/job_gen_7_2025-06-11_r6_stress100_lrsched,0e9c7bd3,"Achieved force RMSE of 0.3243 and stress RMSE of 0.0043. Trained with r_max=6.0, 1.0 layers, and polynomial degree p=6.0. Used a Huber/MSE/stratified loss.",0.9967332057569736,0,0.3243311339906852,0.004295752412887,6.0,1.0,2.0,6.0,8.0,2.0,256.0,0.0,58.23823517470566,,,,,,,,,,,,,,,,,,,,,,,,,,,,,,,,,,,per_atom_energy_mse(coeff=1)|forces_stratified_huber(coeff=10)|stress_mse(coeff=100),1.0,10.0,100.0,1,1,0,1,0,True,False,True,False
allegro-stress-rmax-test/job_gen_7_2025-06-11_r6_stress100_lrsched_fixed,0e9c7bd3,"Achieved force RMSE of 0.2812 and stress RMSE of 0.0034. Trained with r_max=6.0, 2.0 layers, and polynomial degree p=6.0. Used a Huber/MSE/stratified loss.",0.9979167356243546,0,0.2812448301793907,0.0034099086396973,6.0,2.0,2.0,6.0,8.0,2.0,512.0,0.0,58.23823517470566,,,,,,,,,,,,,,,,,,,,,,,,,,,,,,,,,,,per_atom_energy_mse(coeff=1)|forces_stratified_huber(coeff=10)|stress_mse(coeff=100),1.0,10.0,100.0,1,1,0,1,0,True,False,True,False
allegro-stress-rmax-test/job_gen_7_2025-06-11_r6_stress50_b1_lrsched_fixed,0e9c7bd3,"Achieved force RMSE of 0.2159 and stress RMSE of 0.0030. Trained with r_max=6.0, 2.0 layers, and polynomial degree p=6.0. Used a Huber/MSE/stratified loss.",0.9987823640806437,0,0.2158685103805424,0.0029907913943853,6.0,2.0,2.0,6.0,8.0,2.0,512.0,0.0,58.23823517470599,,,,,,,,,,,,,,,,,,,,,,,,,,,,,,,,,,,per_atom_energy_mse(coeff=1)|forces_stratified_huber(coeff=10)|stress_mse(coeff=50),1.0,10.0,50.0,1,1,0,1,0,True,False,True,False
allegro-stress-rmax-test/job_gen_7_2025-06-11_r6_stress50_lrsched,0e9c7bd3,"Achieved force RMSE of 0.3120 and stress RMSE of 0.0048. Trained with r_max=6.0, 1.0 layers, and polynomial degree p=6.0. Used a Huber/MSE/stratified loss.",0.9963571277924386,0,0.3119679494875791,0.0047532644371836,6.0,1.0,2.0,6.0,8.0,2.0,256.0,0.0,58.23823517470566,,,,,,,,,,,,,,,,,,,,,,,,,,,,,,,,,,,per_atom_energy_mse(coeff=1)|forces_stratified_huber(coeff=10)|stress_mse(coeff=50),1.0,10.0,50.0,1,1,0,1,0,True,False,True,False
allegro-stress-rmax-test/job_gen_7_2025-06-11_r6_stress50_lrsched_fixed,0e9c7bd3,"Achieved force RMSE of 2.0093 and stress RMSE of 0.4039. Trained with r_max=6.0, 2.0 layers, and polynomial degree p=6.0. Used a Huber/MSE/stratified loss.",0.583453986542976,0,2.009292361970388,0.403890503402433,6.0,2.0,2.0,6.0,8.0,2.0,512.0,0.0,58.23823517470566,,,,,,,,,,,,,,,,,,,,,,,,,,,,,,,,,,,per_atom_energy_mse(coeff=1)|forces_stratified_huber(coeff=10)|stress_mse(coeff=50),1.0,10.0,50.0,1,1,0,1,0,True,False,True,False
allegro-stress-rmax-test/job_gen_7_2025-06-11_r7,0e9c7bd3,"Achieved force RMSE of 0.3310 and stress RMSE of 0.0061. Trained with r_max=7.0, 1.0 layers, and polynomial degree p=6.0. Used a Huber/MSE/stratified loss.",0.9949052646332146,0,0.3310428744463153,0.0060681723438903,7.0,1.0,2.0,6.0,8.0,2.0,256.0,0.0,99.71316465632096,,,,,,,,,,,,,,,,,,,,,,,,,,,,,,,,,,,per_atom_energy_mse(coeff=1)|forces_stratified_huber(coeff=1)|stress_mse(coeff=1),1.0,1.0,1.0,1,1,0,1,0,True,False,True,False
allegro-stress-rmax-test/job_gen_7_2025-06-11_r7_stress100,0e9c7bd3,"Achieved force RMSE of 0.1923 and stress RMSE of 0.0024. Trained with r_max=7.0, 2.0 layers, and polynomial degree p=6.0. Used a Huber/MSE/stratified loss.",0.9995756653135475,0,0.1923243857468525,0.0023609739853582,7.0,2.0,2.0,6.0,8.0,2.0,512.0,0.0,99.71316465632096,,,,,,,,,,,,,,,,,,,,,,,,,,,,,,,,,,,per_atom_energy_mse(coeff=1)|forces_stratified_huber(coeff=10)|stress_mse(coeff=100),1.0,10.0,100.0,1,1,0,1,0,True,False,True,False
allegro-stress-rmax-test/job_gen_7_2025-06-11_r7_stress100_b16,0e9c7bd3,"Achieved force RMSE of 0.3426 and stress RMSE of 0.0046. Trained with r_max=7.0, 1.0 layers, and polynomial degree p=6.0. Used a Huber/MSE/stratified loss.",0.9963415424854549,0,0.3425647124292047,0.0045620465362621,7.0,1.0,2.0,6.0,8.0,2.0,256.0,0.0,99.7131646563206,,,,,,,,,,,,,,,,,,,,,,,,,,,,,,,,,,,per_atom_energy_mse(coeff=1)|forces_stratified_huber(coeff=10)|stress_mse(coeff=100),1.0,10.0,100.0,1,1,0,1,0,True,False,True,False
allegro-stress-rmax-test/job_gen_8_2025-06-20_r5_stress100_b4_lrsched_fixed,804e3836,"Achieved force RMSE of 0.8380 and stress RMSE of 0.0090. Trained with r_max=5.0, 2.0 layers, and polynomial degree p=6.0. Used a Huber/MSE/stratified loss.",0.988553180794933,0,0.8379790286658074,0.0089599570664645,5.0,2.0,2.0,6.0,8.0,2.0,512.0,0.0,32.01512968231003,,,,,,,,,,,,,,,,,,,,,,,,,,,,,,,,,,,per_atom_energy_mse(coeff=1)|forces_stratified_huber(coeff=10)|stress_mse(coeff=100),1.0,10.0,100.0,1,1,0,1,0,True,False,True,False
allegro-stress-rmax-test/job_gen_8_2025-06-20_r6_stress100_b1_lrsched_fixed,804e3836,"Achieved force RMSE of 0.6508 and stress RMSE of 0.0066. Trained with r_max=6.0, 2.0 layers, and polynomial degree p=6.0. Used a Huber/MSE/stratified loss.",0.9922436428964871,0,0.650826549759672,0.0065544697485,6.0,2.0,2.0,6.0,8.0,2.0,512.0,0.0,58.12707025837309,,,,,,,,,,,,,,,,,,,,,,,,,,,,,,,,,,,per_atom_energy_mse(coeff=1)|forces_stratified_huber(coeff=10)|stress_mse(coeff=100),1.0,10.0,100.0,1,1,0,1,0,True,False,True,False
allegro-stress-rmax-test/job_gen_8_2025-06-20_r6_stress100_b1_lrsched_fixed_no_dimers,0e9f5f24,"Achieved force RMSE of 0.3459 and stress RMSE of 0.0050. Trained with r_max=6.0, 2.0 layers, and polynomial degree p=6.0. Used a Huber/MSE/stratified loss.",0.995919903312127,0,0.345852146199227,0.0049591281522136,6.0,2.0,2.0,6.0,8.0,2.0,512.0,0.0,58.1473021201517,,,,,,,,,,,,,,,,,,,,,,,,,,,,,,,,,,,per_atom_energy_mse(coeff=1)|forces_stratified_huber(coeff=10)|stress_mse(coeff=100),1.0,10.0,100.0,1,1,0,1,0,True,False,True,False
allegro-stress-rmax-test/job_gen_8_2025-06-20_r6_stress100_b4_lrsched_fixed,804e3836,"Achieved force RMSE of 12.4963 and stress RMSE of 0.4619. Trained with r_max=6.0, 2.0 layers, and polynomial degree p=6.0. Used a Huber/MSE/stratified loss.",0.4538408695028603,0,12.496311190885375,0.4619301838748523,6.0,2.0,2.0,6.0,8.0,2.0,512.0,0.0,58.12707025837307,,,,,,,,,,,,,,,,,,,,,,,,,,,,,,,,,,,per_atom_energy_mse(coeff=1)|forces_stratified_huber(coeff=10)|stress_mse(coeff=100),1.0,10.0,100.0,1,1,0,1,0,True,False,True,False
allegro_additive_loss_study/base_force_angle_focal_stress_shear_rare_sampling_no_softadapt,71ef0ad8,"Achieved force RMSE of 1.4047 and stress RMSE of 0.0750. Trained with r_max=5.0, 2.0 layers, and polynomial degree p=6.0. Used a MSE loss.",0.9183043172927137,0,1.4047302720766552,0.0749887059073508,5.0,2.0,2.0,6.0,8.0,2.0,512.0,42.0,32.00510198382953,,0.0104166666666666,0.5208333333333334,,0.1041666666666666,0.1041666666666666,0.2604166666666667,,,,,,,,,,,,,,,0.5208333333333334,,,,,,0.0104166666666666,,0.2604166666666667,0.1041666666666666,0.1041666666666666,,,per_atom_energy_mse(coeff=1)|stress_mse(coeff=50)|forces_focal_focal_mse(coeff=10)|forces_angle_forces_angle(coeff=10)|stress_shear_stress_shear_mae(coeff=25),1.0,10.0,50.0,0,1,1,0,1,True,False,True,False
allegro_additive_loss_study/base_force_angle_focal_stress_shear_rare_sampling_no_softadapt_equal,71ef0ad8,"Achieved force RMSE of 1.5575 and stress RMSE of 0.1010. Trained with r_max=5.0, 2.0 layers, and polynomial degree p=6.0. Used a MSE loss.",0.8911096772640248,0,1.5574568690371684,0.1010001165065597,5.0,2.0,2.0,6.0,8.0,2.0,512.0,42.0,32.00510198382953,,0.2,0.2,,0.2,0.2,0.2,,,,,,,,,,,,,,,0.2,,,,,,0.2,,0.2,0.2,0.2,,,per_atom_energy_mse(coeff=1)|stress_mse(coeff=1)|forces_focal_focal_mse(coeff=1)|forces_angle_forces_angle(coeff=1)|stress_shear_stress_shear_mae(coeff=1),1.0,1.0,1.0,0,1,1,0,1,True,False,True,False
allegro_additive_loss_study/base_force_angle_focal_stress_shear_rare_sampling_softadapt,e31a340a,"Achieved force RMSE of 1.5351 and stress RMSE of 0.0578. Trained with r_max=5.0, 2.0 layers, and polynomial degree p=6.0. Used a MSE loss.",0.9346723427454458,0,1.535099379578741,0.0578310028993986,5.0,2.0,2.0,6.0,8.0,2.0,512.0,42.0,32.00510198382953,,0.2046462966200051,0.2415386117327506,,0.0910826151523685,0.2267686230783036,0.235963853416572,,,,,,,,,,,,,,,0.2415386117327506,,,,,,0.2046462966200051,,0.235963853416572,0.0910826151523685,0.2267686230783036,,,per_atom_energy_mse(coeff=1)|stress_mse(coeff=50)|forces_focal_focal_mse(coeff=10)|forces_angle_forces_angle(coeff=10)|stress_shear_stress_shear_mae(coeff=25),1.0,10.0,50.0,0,1,1,0,1,True,False,True,False
allegro_additive_loss_study/base_force_angle_focal_stress_shear_rare_sampling_softadapt_equal,e31a340a,"Achieved force RMSE of 1.5017 and stress RMSE of 0.1005. Trained with r_max=5.0, 2.0 layers, and polynomial degree p=6.0. Used a MSE loss.",0.8919633258946646,0,1.5016561661757546,0.1005282180538331,5.0,2.0,2.0,6.0,8.0,2.0,512.0,42.0,32.00510198382953,,0.1279338542243352,0.2585460671596649,,0.1731033700125922,0.1842830752585438,0.2561336333448638,,,,,,,,,,,,,,,0.2585460671596649,,,,,,0.1279338542243352,,0.2561336333448638,0.1731033700125922,0.1842830752585438,,,per_atom_energy_mse(coeff=1)|stress_mse(coeff=1)|forces_focal_focal_mse(coeff=1)|forces_angle_forces_angle(coeff=1)|stress_shear_stress_shear_mae(coeff=1),1.0,1.0,1.0,0,1,1,0,1,True,False,True,False
allegro_additive_loss_study/base_force_angle_focal_stress_shear_rare_sampling_softadapt_nobadid,e738e290,"Achieved force RMSE of 1.4725 and stress RMSE of 0.2406. Trained with r_max=5.0, 2.0 layers, and polynomial degree p=6.0. Used a MSE loss.",0.7512615058631085,0,1.4724800319813325,0.2406439086969995,5.0,2.0,2.0,6.0,8.0,2.0,512.0,42.0,32.023188572145564,,0.0104166666666666,0.5208333333333334,,0.1041666666666666,0.1041666666666666,0.2604166666666667,,,,,,,,,,,,,,,0.5208333333333334,,,,,,0.0104166666666666,,0.2604166666666667,0.1041666666666666,0.1041666666666666,,,per_atom_energy_mse(coeff=1)|stress_mse(coeff=50)|forces_focal_focal_mse(coeff=10)|forces_angle_forces_angle(coeff=10)|stress_shear_stress_shear_mae(coeff=25),1.0,10.0,50.0,0,1,1,0,1,True,False,True,False
allegro_additive_loss_study/base_force_angle_focal_stress_shear_rare_sampling_softadapt_nobadid_b1,331517ce,"Achieved force RMSE of 1.0570 and stress RMSE of 0.2392. Trained with r_max=5.0, 2.0 layers, and polynomial degree p=6.0. Used a MSE loss.",0.7555263093947371,0,1.057022895627351,0.2392097386209441,5.0,2.0,2.0,6.0,8.0,2.0,512.0,42.0,32.023188572145564,,0.0104166666666666,0.5208333333333334,,0.1041666666666666,0.1041666666666666,0.2604166666666667,,,,,,,,,,,,,,,0.5208333333333334,,,,,,0.0104166666666666,,0.2604166666666667,0.1041666666666666,0.1041666666666666,,,per_atom_energy_mse(coeff=1)|stress_mse(coeff=50)|forces_focal_focal_mse(coeff=10)|forces_angle_forces_angle(coeff=10)|stress_shear_stress_shear_mae(coeff=25),1.0,10.0,50.0,0,1,1,0,1,True,False,True,False
allegro_additive_loss_study/base_force_angle_focal_stress_shear_rare_sampling_softadapt_nobadid_equal,e738e290,"Achieved force RMSE of 1.5238 and stress RMSE of 0.2433. Trained with r_max=5.0, 2.0 layers, and polynomial degree p=6.0. Used a MSE loss.",0.7482237244462833,0,1.523812090240879,0.2433179723289663,5.0,2.0,2.0,6.0,8.0,2.0,512.0,42.0,32.023188572145564,,0.2,0.2,,0.2,0.2,0.2,,,,,,,,,,,,,,,0.2,,,,,,0.2,,0.2,0.2,0.2,,,per_atom_energy_mse(coeff=1)|stress_mse(coeff=1)|forces_focal_focal_mse(coeff=1)|forces_angle_forces_angle(coeff=1)|stress_shear_stress_shear_mae(coeff=1),1.0,1.0,1.0,0,1,1,0,1,True,False,True,False
allegro_additive_loss_study/base_force_angle_focal_stress_shear_rare_sampling_softadapton_nobadid_b1,3328f06c,"Achieved force RMSE of 1.3385 and stress RMSE of 0.2403. Trained with r_max=5.0, 2.0 layers, and polynomial degree p=6.0. Used a MSE loss.",0.7525504694482843,0,1.3384670096481384,0.2402675330585446,5.0,2.0,2.0,6.0,8.0,2.0,512.0,42.0,32.023188572145564,,0.1665219359381737,0.2150387380703757,,0.1953235339306736,0.2055657540384098,0.217550038022367,,,,,,,,,,,,,,,0.2150387380703757,,,,,,0.1665219359381737,,0.217550038022367,0.1953235339306736,0.2055657540384098,,,per_atom_energy_mse(coeff=1)|stress_mse(coeff=50)|forces_focal_focal_mse(coeff=10)|forces_angle_forces_angle(coeff=10)|stress_shear_stress_shear_mae(coeff=25),1.0,10.0,50.0,0,1,1,0,1,True,False,True,False
allegro_additive_loss_study/base_force_auto_huber_angle_focal_stress_shear_rare_sampling_softadapton_nobadid_b1_equal,19ad80fc,"Achieved force RMSE of 0.4287 and stress RMSE of 0.0200. Trained with r_max=5.0, 2.0 layers, and polynomial degree p=6.0. Used a Huber/MSE/stratified loss.",0.9802599616251806,0,0.4287248629561634,0.0199719944502431,5.0,2.0,2.0,6.0,8.0,2.0,512.0,42.0,32.06493972179287,,0.186824610575438,0.151910061684192,0.1509926169923328,0.2108069875628971,0.1480939897158064,0.1513717334693336,,,,,,,,,,,,,0.1509926169923328,,0.151910061684192,,,,,,0.186824610575438,,0.1513717334693336,0.2108069875628971,0.1480939897158064,,,per_atom_energy_mse(coeff=1)|forces_auto_stratified_huber(coeff=1)|stress_mse(coeff=1)|forces_focal_focal_mse(coeff=1)|forces_angle_forces_angle(coeff=1)|stress_shear_stress_shear_mae(coeff=1),1.0,1.0,1.0,1,1,1,1,1,True,False,True,False
allegro_additive_loss_study/base_only_no_sampler,0c9545ca,"Achieved force RMSE of 0.9202 and stress RMSE of 0.3016. Trained with r_max=5.0, 2.0 layers, and polynomial degree p=6.0. Used a Huber/MSE/stratified loss.",0.6936921791370471,0,0.9202100665119336,0.3016239840664499,5.0,2.0,2.0,6.0,8.0,2.0,512.0,42.0,32.006362324321195,,0.0163934426229508,0.819672131147541,0.1639344262295081,,,,,,,,,,,,,,,,0.1639344262295081,,0.819672131147541,,,,,,0.0163934426229508,,,,,,,per_atom_energy_mse(coeff=1)|forces_auto_stratified_huber(coeff=10)|stress_mse(coeff=50),1.0,10.0,50.0,1,1,0,1,0,True,False,True,False
allegro_additive_loss_study/base_only_rare_sampling,a9b86807,"Achieved force RMSE of 2.6870 and stress RMSE of 0.0132. Trained with r_max=5.0, 2.0 layers, and polynomial degree p=6.0. Used a Huber/MSE/stratified loss.",0.9717152261774269,0,2.686971149495735,0.0132121035732636,5.0,2.0,2.0,6.0,8.0,2.0,512.0,42.0,32.00510198382953,,0.0163934426229508,0.819672131147541,0.1639344262295081,,,,,,,,,,,,,,,,0.1639344262295081,,0.819672131147541,,,,,,0.0163934426229508,,,,,,,per_atom_energy_mse(coeff=1)|forces_auto_stratified_huber(coeff=10)|stress_mse(coeff=50),1.0,10.0,50.0,1,1,0,1,0,True,False,True,False
allegro_additive_loss_study/focal_force_no_sampler,309529de,"Achieved force RMSE of 0.8013 and stress RMSE of 0.3033. Trained with r_max=5.0, 2.0 layers, and polynomial degree p=6.0. Used a Huber/MSE/stratified loss.",0.6928232948823965,0,0.8013435130963054,0.3032911122500173,5.0,2.0,2.0,6.0,8.0,2.0,512.0,42.0,32.006362324321195,,0.0140845070422535,0.704225352112676,0.1408450704225352,0.1408450704225352,,,,,,,,,,,,,,,0.1408450704225352,,0.704225352112676,,,,,,0.0140845070422535,,,0.1408450704225352,,,,per_atom_energy_mse(coeff=1)|forces_auto_stratified_huber(coeff=10)|stress_mse(coeff=50)|forces_focal_focal_mse(coeff=10),1.0,10.0,50.0,1,1,0,1,1,True,False,True,False
allegro_additive_loss_study/focal_force_rare_sampling,2200fc23,"Achieved force RMSE of 1.4026 and stress RMSE of 0.0168. Trained with r_max=5.0, 2.0 layers, and polynomial degree p=6.0. Used a Huber/MSE/stratified loss.",0.9768232232377376,0,1.4026257791128685,0.0168097766947396,5.0,2.0,2.0,6.0,8.0,2.0,512.0,42.0,32.00510198382953,,0.0140845070422535,0.704225352112676,0.1408450704225352,0.1408450704225352,,,,,,,,,,,,,,,0.1408450704225352,,0.704225352112676,,,,,,0.0140845070422535,,,0.1408450704225352,,,,per_atom_energy_mse(coeff=1)|forces_auto_stratified_huber(coeff=10)|stress_mse(coeff=50)|forces_focal_focal_mse(coeff=10),1.0,10.0,50.0,1,1,0,1,1,True,False,True,False
allegro_additive_loss_study/force_angle_no_sampler,850c4982,"Achieved force RMSE of 0.9367 and stress RMSE of 0.3019. Trained with r_max=5.0, 2.0 layers, and polynomial degree p=6.0. Used a Huber/MSE/stratified loss.",0.6932914110911306,0,0.936656311498842,0.3019114077809078,5.0,2.0,2.0,6.0,8.0,2.0,512.0,42.0,32.006362324321195,,0.0140845070422535,0.704225352112676,0.1408450704225352,,,,0.1408450704225352,,,,,,,,,,,0.1408450704225352,0.1408450704225352,,0.704225352112676,,,,,,0.0140845070422535,,,,,,,per_atom_energy_mse(coeff=1)|forces_auto_stratified_huber(coeff=10)|stress_mse(coeff=50)|forces_angle_force_angle(coeff=10),1.0,10.0,50.0,1,1,0,1,0,True,False,True,False
allegro_additive_loss_study/force_angle_rare_sampling,cf49a5ff,"Achieved force RMSE of 3.3338 and stress RMSE of 0.0132. Trained with r_max=5.0, 2.0 layers, and polynomial degree p=6.0. Used a Huber/MSE/stratified loss.",0.9673703878022593,0,3.3337878977018103,0.0131627617449226,5.0,2.0,2.0,6.0,8.0,2.0,512.0,42.0,32.00510198382953,,0.0140845070422535,0.704225352112676,0.1408450704225352,,,,0.1408450704225352,,,,,,,,,,,0.1408450704225352,0.1408450704225352,,0.704225352112676,,,,,,0.0140845070422535,,,,,,,per_atom_energy_mse(coeff=1)|forces_auto_stratified_huber(coeff=10)|stress_mse(coeff=50)|forces_angle_force_angle(coeff=10),1.0,10.0,50.0,1,1,0,1,0,True,False,True,False
allegro_additive_loss_study/stress_angle_no_sampler,5d4974a1,"Achieved force RMSE of 1.2514 and stress RMSE of 0.3029. Trained with r_max=5.0, 2.0 layers, and polynomial degree p=6.0. Used a Huber/MSE/stratified loss.",0.6901729994876611,0,1.2514338615414056,0.3028857743846126,5.0,2.0,2.0,6.0,8.0,2.0,512.0,42.0,32.006362324321195,,0.0116279069767441,0.5813953488372093,0.1162790697674418,,,,,0.2906976744186046,,,,,,,,,,,0.1162790697674418,0.2906976744186046,0.5813953488372093,,,,,,0.0116279069767441,,,,,,,per_atom_energy_mse(coeff=1)|forces_auto_stratified_huber(coeff=10)|stress_mse(coeff=50)|stress_angle_stress_angle(coeff=25),1.0,10.0,50.0,1,1,0,1,0,True,False,True,False
allegro_additive_loss_study/stress_angle_rare_sampling,6acc4220,"Achieved force RMSE of 2.6387 and stress RMSE of 0.0161. Trained with r_max=5.0, 2.0 layers, and polynomial degree p=6.0. Used a Huber/MSE/stratified loss.",0.9691136152051798,0,2.6386620672571253,0.0161256157111839,5.0,2.0,2.0,6.0,8.0,2.0,512.0,42.0,32.00510198382953,,0.0116279069767441,0.5813953488372093,0.1162790697674418,,,,,0.2906976744186046,,,,,,,,,,,0.1162790697674418,0.2906976744186046,0.5813953488372093,,,,,,0.0116279069767441,,,,,,,per_atom_energy_mse(coeff=1)|forces_auto_stratified_huber(coeff=10)|stress_mse(coeff=50)|stress_angle_stress_angle(coeff=25),1.0,10.0,50.0,1,1,0,1,0,True,False,True,False
allegro_additive_loss_study/stress_shear_no_sampler,aeeb7743,"Achieved force RMSE of 0.7827 and stress RMSE of 0.3016. Trained with r_max=5.0, 2.0 layers, and polynomial degree p=6.0. Used a Huber/MSE/stratified loss.",0.6946318766721107,0,0.7826887581757227,0.3016186327325261,5.0,2.0,2.0,6.0,8.0,2.0,512.0,42.0,32.006362324321195,,0.0116279069767441,0.5813953488372093,0.1162790697674418,,,0.2906976744186046,,,,,,,,,,,,,0.1162790697674418,,0.5813953488372093,,,,,,0.0116279069767441,,0.2906976744186046,,,,,per_atom_energy_mse(coeff=1)|forces_auto_stratified_huber(coeff=10)|stress_mse(coeff=50)|stress_shear_stress_shear_mae(coeff=25),1.0,10.0,50.0,1,1,1,1,0,True,False,True,False
allegro_additive_loss_study/stress_shear_rare_sampling,35418922,"Achieved force RMSE of 3.0253 and stress RMSE of 0.0104. Trained with r_max=5.0, 2.0 layers, and polynomial degree p=6.0. Used a Huber/MSE/stratified loss.",0.9722559156251529,0,3.02530655392681,0.0103885778251932,5.0,2.0,2.0,6.0,8.0,2.0,512.0,42.0,32.00510198382953,,0.0116279069767441,0.5813953488372093,0.1162790697674418,,,0.2906976744186046,,,,,,,,,,,,,0.1162790697674418,,0.5813953488372093,,,,,,0.0116279069767441,,0.2906976744186046,,,,,per_atom_energy_mse(coeff=1)|forces_auto_stratified_huber(coeff=10)|stress_mse(coeff=50)|stress_shear_stress_shear_mae(coeff=25),1.0,10.0,50.0,1,1,1,1,0,True,False,True,False
allegro_huber_loss_study/base_huber_q0.9_no_sampler,053fe93a,"Achieved force RMSE of 0.2084 and stress RMSE of 0.0057. Trained with r_max=5.0, 2.0 layers, and polynomial degree p=6.0. Used a Huber/MSE loss.",0.9961254091458867,0,0.2084281493051752,0.0056832240277359,5.0,2.0,2.0,6.0,8.0,2.0,512.0,42.0,32.03126333894399,0.1639344262295081,0.0163934426229508,0.819672131147541,,,,,,,,,,,,,,,,,,,0.819672131147541,,,,,,0.0163934426229508,,,,,0.1639344262295081,,per_atom_energy_mse(coeff=1)|stress_mse(coeff=50)|forces_tail_huber(coeff=10),1.0,10.0,50.0,1,1,0,0,0,True,False,True,False
allegro_huber_loss_study/base_huber_q0.9_rare_sampling,b462b62a,"Achieved force RMSE of 0.2030 and stress RMSE of 0.0054. Trained with r_max=5.0, 2.0 layers, and polynomial degree p=6.0. Used a Huber/MSE loss.",0.9964773219947463,0,0.203032451598249,0.0053697243455001,5.0,2.0,2.0,6.0,8.0,2.0,512.0,42.0,32.03126333894399,0.1639344262295081,0.0163934426229508,0.819672131147541,,,,,,,,,,,,,,,,,,,0.819672131147541,,,,,,0.0163934426229508,,,,,0.1639344262295081,,per_atom_energy_mse(coeff=1)|stress_mse(coeff=50)|forces_tail_huber(coeff=10),1.0,10.0,50.0,1,1,0,0,0,True,False,True,False
allegro_huber_loss_study/huber_q0.75_auto_delta_no_sampler,3a73fc5d,"Achieved force RMSE of 0.2060 and stress RMSE of 0.0050. Trained with r_max=5.0, 2.0 layers, and polynomial degree p=6.0. Used a Huber/MSE loss.",0.9968334453960219,0,0.2059594892787189,0.0049958078660728,5.0,2.0,2.0,6.0,8.0,2.0,512.0,42.0,32.03126333894399,0.1639344262295081,0.0163934426229508,0.819672131147541,,,,,,,,,,,,,,,,,,,0.819672131147541,,,,,,0.0163934426229508,,,,,0.1639344262295081,,per_atom_energy_mse(coeff=1)|stress_mse(coeff=50)|forces_tail_huber(coeff=10),1.0,10.0,50.0,1,1,0,0,0,True,False,True,False
allegro_huber_loss_study/huber_q0.75_no_sampler,baebf705,"Achieved force RMSE of 0.2137 and stress RMSE of 0.0047. Trained with r_max=5.0, 2.0 layers, and polynomial degree p=6.0. Used a Huber/MSE loss.",0.997044846397416,0,0.2137427898204401,0.0047329984964408,5.0,2.0,2.0,6.0,8.0,2.0,512.0,42.0,32.03126333894399,0.1639344262295081,0.0163934426229508,0.819672131147541,,,,,,,,,,,,,,,,,,,0.819672131147541,,,,,,0.0163934426229508,,,,,0.1639344262295081,,per_atom_energy_mse(coeff=1)|stress_mse(coeff=50)|forces_tail_huber(coeff=10),1.0,10.0,50.0,1,1,0,0,0,True,False,True,False
allegro_huber_loss_study/huber_q0.75_rare_sampling,3c50b7d5,"Achieved force RMSE of 0.1938 and stress RMSE of 0.0046. Trained with r_max=5.0, 2.0 layers, and polynomial degree p=6.0. Used a Huber/MSE loss.",0.9973149282461466,0,0.1938320051967247,0.0045989404495636,5.0,2.0,2.0,6.0,8.0,2.0,512.0,42.0,32.03126333894399,0.1639344262295081,0.0163934426229508,0.819672131147541,,,,,,,,,,,,,,,,,,,0.819672131147541,,,,,,0.0163934426229508,,,,,0.1639344262295081,,per_atom_energy_mse(coeff=1)|stress_mse(coeff=50)|forces_tail_huber(coeff=10),1.0,10.0,50.0,1,1,0,0,0,True,False,True,False
allegro_huber_loss_study/huber_q0.85_no_sampler,7b84bd00,"Achieved force RMSE of 0.1946 and stress RMSE of 0.0052. Trained with r_max=5.0, 2.0 layers, and polynomial degree p=6.0. Used a Huber/MSE loss.",0.9966690297082128,0,0.1946044041326669,0.0052360250038777,5.0,2.0,2.0,6.0,8.0,2.0,512.0,42.0,32.03126333894399,0.1639344262295081,0.0163934426229508,0.819672131147541,,,,,,,,,,,,,,,,,,,0.819672131147541,,,,,,0.0163934426229508,,,,,0.1639344262295081,,per_atom_energy_mse(coeff=1)|stress_mse(coeff=50)|forces_tail_huber(coeff=10),1.0,10.0,50.0,1,1,0,0,0,True,False,True,False
allegro_huber_loss_study/huber_q0.85_rare_sampling,b465f3b4,"Achieved force RMSE of 0.2037 and stress RMSE of 0.0053. Trained with r_max=5.0, 2.0 layers, and polynomial degree p=6.0. Used a Huber/MSE loss.",0.9964926367110795,0,0.2037011641141922,0.0053499769570464,5.0,2.0,2.0,6.0,8.0,2.0,512.0,42.0,32.03126333894399,0.1639344262295081,0.0163934426229508,0.819672131147541,,,,,,,,,,,,,,,,,,,0.819672131147541,,,,,,0.0163934426229508,,,,,0.1639344262295081,,per_atom_energy_mse(coeff=1)|stress_mse(coeff=50)|forces_tail_huber(coeff=10),1.0,10.0,50.0,1,1,0,0,0,True,False,True,False
allegro_huber_loss_study/huber_q0.95_no_sampler,385d94aa,"Achieved force RMSE of 0.2083 and stress RMSE of 0.0061. Trained with r_max=5.0, 2.0 layers, and polynomial degree p=6.0. Used a Huber/MSE loss.",0.99569297330554,0,0.2083161594492801,0.0061140092389182,5.0,2.0,2.0,6.0,8.0,2.0,512.0,42.0,32.03126333894399,0.1639344262295081,0.0163934426229508,0.819672131147541,,,,,,,,,,,,,,,,,,,0.819672131147541,,,,,,0.0163934426229508,,,,,0.1639344262295081,,per_atom_energy_mse(coeff=1)|stress_mse(coeff=50)|forces_tail_huber(coeff=10),1.0,10.0,50.0,1,1,0,0,0,True,False,True,False
allegro_huber_loss_study/huber_q0.95_rare_sampling,fbad863a,"Achieved force RMSE of 0.2038 and stress RMSE of 0.0060. Trained with r_max=5.0, 2.0 layers, and polynomial degree p=6.0. Used a Huber/MSE loss.",0.9958765186277235,0,0.2037709285281524,0.0059621939434658,5.0,2.0,2.0,6.0,8.0,2.0,512.0,42.0,32.03126333894399,0.1639344262295081,0.0163934426229508,0.819672131147541,,,,,,,,,,,,,,,,,,,0.819672131147541,,,,,,0.0163934426229508,,,,,0.1639344262295081,,per_atom_energy_mse(coeff=1)|stress_mse(coeff=50)|forces_tail_huber(coeff=10),1.0,10.0,50.0,1,1,0,0,0,True,False,True,False
allegro_huber_loss_study/huber_q0.9_auto_delta_no_sampler,3a73fc5d,"Achieved force RMSE of 0.2122 and stress RMSE of 0.0059. Trained with r_max=5.0, 2.0 layers, and polynomial degree p=6.0. Used a Huber/MSE loss.",0.9958981991300613,0,0.2121624250559318,0.0058839398858306,5.0,2.0,2.0,6.0,8.0,2.0,512.0,42.0,32.03126333894399,0.1639344262295081,0.0163934426229508,0.819672131147541,,,,,,,,,,,,,,,,,,,0.819672131147541,,,,,,0.0163934426229508,,,,,0.1639344262295081,,per_atom_energy_mse(coeff=1)|stress_mse(coeff=50)|forces_tail_huber(coeff=10),1.0,10.0,50.0,1,1,0,0,0,True,False,True,False
allegro_huber_loss_study/huber_q0.9_auto_delta_rare_sampling,a0330c52,"Achieved force RMSE of 0.2123 and stress RMSE of 0.0059. Trained with r_max=5.0, 2.0 layers, and polynomial degree p=6.0. Used a Huber/MSE loss.",0.9958403924348069,0,0.2123254541739059,0.0059403233374479,5.0,2.0,2.0,6.0,8.0,2.0,512.0,42.0,32.03126333894399,0.1639344262295081,0.0163934426229508,0.819672131147541,,,,,,,,,,,,,,,,,,,0.819672131147541,,,,,,0.0163934426229508,,,,,0.1639344262295081,,per_atom_energy_mse(coeff=1)|stress_mse(coeff=50)|forces_tail_huber(coeff=10),1.0,10.0,50.0,1,1,0,0,0,True,False,True,False
allegro_huber_loss_study/nequip_huber_q0.9_auto_delta_rare_sampling,a0330c52,"Achieved force RMSE of 0.2212 and stress RMSE of 0.0055. Trained with r_max=5.0, 3.0 layers, and polynomial degree p=nan. Used a Huber/MSE loss.",0.9962468534060486,0,0.2212420807539287,0.0054758829170133,5.0,3.0,2.0,,,,,42.0,32.03126333894399,0.1639344262295081,0.0163934426229508,0.819672131147541,,,,,,,,,,,,,,,,,,,0.819672131147541,,,,,,0.0163934426229508,,,,,0.1639344262295081,,per_atom_energy_mse(coeff=1)|stress_mse(coeff=50)|forces_tail_huber(coeff=10),1.0,10.0,50.0,1,1,0,0,0,True,False,False,True
allegro_huber_loss_study_no_dimers_no_sr_no_val_b/base_huber_q0.75_rare_sampling,d6bea18f,"Achieved force RMSE of 0.2043 and stress RMSE of 0.0056. Trained with r_max=5.0, 2.0 layers, and polynomial degree p=6.0. Used a Huber/MSE loss.",0.9962719497107155,0,0.2043019471292036,0.0055653764716371,5.0,2.0,1.0,6.0,8.0,2.0,512.0,42.0,32.068671760720726,0.1639344262295081,0.0163934426229508,0.819672131147541,,,,,,,,,,,,,,,,,,,0.819672131147541,,,,,,0.0163934426229508,,,,,0.1639344262295081,,per_atom_energy_mse(coeff=1)|stress_mse(coeff=50)|forces_tail_huber(coeff=10),1.0,10.0,50.0,1,1,0,0,0,True,False,True,False
allegro_huber_loss_study_no_dimers_no_sr_no_val_b/base_huber_q0.75_rare_sampling_nlh,d6bea18f,"Achieved force RMSE of 0.2113 and stress RMSE of 0.0053. Trained with r_max=5.0, 2.0 layers, and polynomial degree p=6.0. Used a Huber/MSE loss.",0.9964905814642111,0,0.2112775403986855,0.0053008335963768,5.0,2.0,1.0,6.0,8.0,2.0,512.0,42.0,32.068671760720726,0.1639344262295081,0.0163934426229508,0.819672131147541,,,,,,,,,,,,,,,,,,,0.819672131147541,,,,,,0.0163934426229508,,,,,0.1639344262295081,,per_atom_energy_mse(coeff=1)|stress_mse(coeff=50)|forces_tail_huber(coeff=10),1.0,10.0,50.0,1,1,0,0,0,True,False,True,False
allegro_huber_loss_study_no_dimers_no_sr_no_val_b_equal_weights/base_huber_q0.75_no_sampler,a6442fe8,"Achieved force RMSE of 0.5952 and stress RMSE of 0.0258. Trained with r_max=5.0, 2.0 layers, and polynomial degree p=6.0. Used a Huber/MSE loss.",0.9733130865251698,0,0.5952202039226686,0.0257553300318396,5.0,2.0,2.0,6.0,8.0,2.0,512.0,42.0,32.06065806177161,0.3333333333333333,0.3333333333333333,0.3333333333333333,,,,,,,,,,,,,,,,,,,0.3333333333333333,,,,,,0.3333333333333333,,,,,0.3333333333333333,,per_atom_energy_mse(coeff=1)|stress_mse(coeff=1)|forces_tail_huber(coeff=1),1.0,1.0,1.0,1,1,0,0,0,True,False,True,False
allegro_huber_loss_study_no_dimers_no_sr_no_val_b_equal_weights/base_huber_q0.75_no_sampler_artifact_test,a6442fe8,"Achieved force RMSE of 0.9366 and stress RMSE of 0.0301. Trained with r_max=5.0, 2.0 layers, and polynomial degree p=6.0. Used a Huber/MSE loss.",0.9666419755360949,0,0.9366165246718254,0.0300827786131594,5.0,2.0,2.0,6.0,8.0,2.0,512.0,42.0,32.06065806177161,0.3333333333333333,0.3333333333333333,0.3333333333333333,,,,,,,,,,,,,,,,,,,0.3333333333333333,,,,,,0.3333333333333333,,,,,0.3333333333333333,,per_atom_energy_mse(coeff=1)|stress_mse(coeff=1)|forces_tail_huber(coeff=1),1.0,1.0,1.0,1,1,0,0,0,True,False,True,False
allegro_huber_loss_study_no_dimers_no_sr_no_val_b_equal_weights/base_huber_q0.75_rare_sampling,d6bea18f,"Achieved force RMSE of 0.4861 and stress RMSE of 0.0272. Trained with r_max=5.0, 2.0 layers, and polynomial degree p=6.0. Used a Huber/MSE loss.",0.9726375458700709,0,0.4861497890485908,0.0271640066831578,5.0,2.0,2.0,6.0,8.0,2.0,512.0,42.0,32.06065806177161,0.3281425845177361,0.3662595835153751,0.3055978319668887,,,,,,,,,,,,,,,,,,,0.819672131147541,,,,,,0.0163934426229508,,,,,0.1639344262295081,,per_atom_energy_mse(coeff=1)|stress_mse(coeff=1)|forces_tail_huber(coeff=10),1.0,10.0,1.0,1,1,0,0,0,True,False,True,False
allegro_huber_loss_study_no_dimers_no_sr_no_val_b_equal_weights/huber_q0.65_auto_delta_no_sampler,7f0b9cd0,"Achieved force RMSE of 0.4056 and stress RMSE of 0.0240. Trained with r_max=5.0, 2.0 layers, and polynomial degree p=6.0. Used a Huber/MSE loss.",0.9763621906298021,0,0.4055708961758514,0.0240044994101197,5.0,2.0,2.0,6.0,8.0,2.0,512.0,42.0,32.06065806177161,0.3333333333333333,0.3333333333333333,0.3333333333333333,,,,,,,,,,,,,,,,,,,0.3333333333333333,,,,,,0.3333333333333333,,,,,0.3333333333333333,,per_atom_energy_mse(coeff=1)|stress_mse(coeff=1)|forces_tail_huber(coeff=1),1.0,1.0,1.0,1,1,0,0,0,True,False,True,False
allegro_huber_loss_study_no_dimers_no_sr_no_val_b_equal_weights/huber_q0.65_auto_delta_rare_sampling,b074ba44,"Achieved force RMSE of 0.4693 and stress RMSE of 0.0218. Trained with r_max=5.0, 2.0 layers, and polynomial degree p=6.0. Used a Huber/MSE loss.",0.978099914415796,0,0.4692747174648776,0.0218460562079687,5.0,2.0,2.0,6.0,8.0,2.0,512.0,42.0,32.06065806177161,0.3791141390836134,0.1726248361677585,0.4482610247486281,,,,,,,,,,,,,,,,,,,0.4482610247486281,,,,,,0.1726248361677585,,,,,0.3791141390836134,,per_atom_energy_mse(coeff=1)|stress_mse(coeff=1)|forces_tail_huber(coeff=10),1.0,10.0,1.0,1,1,0,0,0,True,False,True,False
allegro_huber_loss_study_no_dimers_no_sr_no_val_b_equal_weights/huber_q0.65_no_sampler,ec6974a5,"Achieved force RMSE of 5.3719 and stress RMSE of 0.0241. Trained with r_max=5.0, 2.0 layers, and polynomial degree p=6.0. Used a Huber/MSE loss.",0.9425386547921514,0,5.371884286934345,0.0240865699064739,5.0,2.0,2.0,6.0,8.0,2.0,512.0,42.0,32.06065806177161,0.3333333333333333,0.3333333333333333,0.3333333333333333,,,,,,,,,,,,,,,,,,,0.3333333333333333,,,,,,0.3333333333333333,,,,,0.3333333333333333,,per_atom_energy_mse(coeff=1)|stress_mse(coeff=1)|forces_tail_huber(coeff=1),1.0,1.0,1.0,1,1,0,0,0,True,False,True,False
allegro_huber_loss_study_no_dimers_no_sr_no_val_b_equal_weights/huber_q0.65_rare_sampling,4e074489,"Achieved force RMSE of 0.4258 and stress RMSE of 0.0296. Trained with r_max=5.0, 2.0 layers, and polynomial degree p=6.0. Used a Huber/MSE loss.",0.9706246103852568,0,0.425791039524287,0.029573529736546,5.0,2.0,2.0,6.0,8.0,2.0,512.0,42.0,32.06065806177161,0.2536531644210804,0.3722843630153233,0.3740624725635964,,,,,,,,,,,,,,,,,,,0.3740624725635964,,,,,,0.3722843630153233,,,,,0.2536531644210804,,per_atom_energy_mse(coeff=1)|stress_mse(coeff=1)|forces_tail_huber(coeff=10),1.0,10.0,1.0,1,1,0,0,0,True,False,True,False
allegro_huber_loss_study_no_dimers_no_sr_no_val_b_equal_weights/huber_q0.85_rare_sampling,22be564f,"Achieved force RMSE of 0.4711 and stress RMSE of 0.0277. Trained with r_max=5.0, 2.0 layers, and polynomial degree p=6.0. Used a Huber/MSE loss.",0.9721724100664473,0,0.4711439387077011,0.0277279350442856,5.0,2.0,2.0,6.0,8.0,2.0,512.0,42.0,32.06065806177161,0.2938278376957023,0.3796101609649174,0.3265620013393803,,,,,,,,,,,,,,,,,,,0.819672131147541,,,,,,0.0163934426229508,,,,,0.1639344262295081,,per_atom_energy_mse(coeff=1)|stress_mse(coeff=1)|forces_tail_huber(coeff=10),1.0,10.0,1.0,1,1,0,0,0,True,False,True,False
allegro_training_study_1/phase1_loss_schedule,a6e4ec8c,"Achieved force RMSE of 0.9524 and stress RMSE of 0.0110. Trained with r_max=5.0, 2.0 layers, and polynomial degree p=6.0. Used a Huber loss.",0.9857464155521153,0,0.9523641459170328,0.0109782943370061,5.0,2.0,2.0,6.0,8.0,2.0,512.0,42.0,32.02631043608555,,,,,,,,,,,,,,0.9090909090909092,0.0909090909090909,,,,,,,,,,0.9090909090909092,,0.0909090909090909,,,,,,,,per_atom_energy_huber(coeff=1)|forces_huber(coeff=10)|stress_huber(coeff=100),1.0,10.0,100.0,1,0,0,0,0,True,False,True,False
allegro_training_study_1/phase2_rare_sampling_v3,2758c87a,"Achieved force RMSE of 0.5179 and stress RMSE of 0.0177. Trained with r_max=5.0, 2.0 layers, and polynomial degree p=6.0. Used a MSE loss.",0.9819655824517053,0,0.5178576593863153,0.0176736734218029,5.0,2.0,2.0,6.0,8.0,2.0,512.0,42.0,32.03164488944631,,0.009009009009009,0.9009009009009008,,,,,,,,,,,,,0.09009009009009,,,,,,0.9009009009009008,,,,,,0.009009009009009,,,,,,0.09009009009009,per_atom_energy_mse(coeff=1)|forces_mse(coeff=10)|stress_mse(coeff=100),1.0,10.0,100.0,0,1,0,0,0,True,False,True,False
allegro_training_study_1/phase3_large_batch,396d1d7e,"Achieved force RMSE of 0.8722 and stress RMSE of 0.0214. Trained with r_max=5.0, 2.0 layers, and polynomial degree p=6.0. Used a MSE loss.",0.9758576996993715,0,0.872203008963281,0.0213535434654667,5.0,2.0,2.0,6.0,8.0,2.0,512.0,42.0,32.031644889446376,,0.009009009009009,0.9009009009009008,,,,,,,,,,,,,0.09009009009009,,,,,,0.9009009009009008,,,,,,0.009009009009009,,,,,,0.09009009009009,per_atom_energy_mse(coeff=1)|forces_mse(coeff=10)|stress_mse(coeff=100),1.0,10.0,100.0,0,1,0,0,0,True,False,True,False
allegro_training_study_1/phase4_integrated_final,ad4f4e61,"Achieved force RMSE of 1.0428 and stress RMSE of 0.0132. Trained with r_max=5.0, 2.0 layers, and polynomial degree p=6.0. Used a Huber loss.",0.9828527629684557,0,1.042823347533821,0.0132446824464639,5.0,2.0,2.0,6.0,8.0,2.0,512.0,42.0,32.03164488944631,,,,,,,,,,,,,,0.09009009009009,0.9009009009009008,,0.009009009009009,,,,,,,0.009009009009009,0.09009009009009,,0.9009009009009008,,,,,,,,per_atom_energy_huber(coeff=1)|forces_huber(coeff=10)|stress_huber(coeff=100),1.0,10.0,100.0,1,0,0,0,0,True,False,True,False
